{
  "exploitation": 0.0938439592719078,
  "harassment": 0.49469393491744995,
  "harm": 0.15329550206661224,
  "illicit": 0.34037554264068604,
  "informational": 0.5126010775566101,
  "safe": 0.48178908228874207,
  "sexual": 0.18388652801513672,
  "violence": 0.19253934919834137
}